title,topic_model_data
title1,"[""love"",63.07458676590831,""pokémon"",7.869391844912335,""best"",5.190083108979175,""game"",4.415307949538422,""think"",4.307861739987038]"
title2,"[""love"",63.07521903956096,""pokémon"",7.869463436233749,""best"",5.190126737695444,""game"",4.415390898156404,""think"",4.30785269181666]"
